"Line","HaploBlock_1","HaploBlock_2","HaploBlock_3","Haplotype","Call"
"13955-16",1,1,1,"1_1_1","R"
"13955-15",1,1,1,"1_1_1","R"
"13955-14",2,2,2,"2_2_2","UNKNOWN"
"13955-13",2,2,2,"2_2_2","UNKNOWN"
"13955-12",3,2,2,"3_2_2","S"
"13955-10",3,3,3,"3_3_3","UNKNOWN"
"13955-39",4,1,1,"4_1_1","UNKNOWN"
"13955-38",2,2,2,"2_2_2","UNKNOWN"
"13955-37",1,1,1,"1_1_1","R"
"13955-36",3,2,2,"3_2_2","S"
"13955-35",1,1,1,"1_1_1","R"
"13955-34",3,2,3,"3_2_3","UNKNOWN"
"13955-33",3,1,1,"3_1_1","UNKNOWN"
"13955-32",1,3,3,"1_3_3","UNKNOWN"
"13955-31",4,1,1,"4_1_1","UNKNOWN"
"13955-174",3,1,1,"3_1_1","UNKNOWN"
"13955-176",3,2,2,"3_2_2","S"
"13955-179",3,2,2,"3_2_2","S"
"13955-178",3,2,2,"3_2_2","S"
"13955-171",2,1,1,"2_1_1","UNKNOWN"
"13955-170",2,1,1,"2_1_1","UNKNOWN"
"13955-173",4,1,1,"4_1_1","UNKNOWN"
"13955-172",1,1,1,"1_1_1","R"
"13955-29",3,1,1,"3_1_1","UNKNOWN"
"13955-28",4,1,1,"4_1_1","UNKNOWN"
"13955-27",3,2,2,"3_2_2","S"
"13955-26",2,3,3,"2_3_3","UNKNOWN"
"13955-25",2,1,1,"2_1_1","UNKNOWN"
"13955-24",4,1,1,"4_1_1","UNKNOWN"
"13955-22",3,1,1,"3_1_1","UNKNOWN"
"13955-21",1,1,1,"1_1_1","R"
"13955-GA06493-13LE6",3,2,2,"3_2_2","S"
"13955-163",3,2,2,"3_2_2","S"
"13955-166",2,2,2,"2_2_2","UNKNOWN"
"13955-165",3,2,2,"3_2_2","S"
"13955-160",1,1,1,"1_1_1","R"
"13955-162",3,1,1,"3_1_1","UNKNOWN"
"13955-161",4,1,1,"4_1_1","UNKNOWN"
"13955-57",2,2,2,"2_2_2","UNKNOWN"
"13955-56",3,2,2,"3_2_2","S"
"13955-55",2,2,2,"2_2_2","UNKNOWN"
"13955-54",4,1,1,"4_1_1","UNKNOWN"
"13955-53",2,2,2,"2_2_2","UNKNOWN"
"13955-52",3,1,1,"3_1_1","UNKNOWN"
"13955-51",3,1,1,"3_1_1","UNKNOWN"
"13955-50",4,1,1,"4_1_1","UNKNOWN"
"13955-197",3,2,2,"3_2_2","S"
"13955-196",4,1,1,"4_1_1","UNKNOWN"
"13955-198",2,2,2,"2_2_2","UNKNOWN"
"13955-191",3,3,3,"3_3_3","UNKNOWN"
"13955-190",4,1,1,"4_1_1","UNKNOWN"
"13955-192",1,2,3,"1_2_3","UNKNOWN"
"13955-49",2,2,2,"2_2_2","UNKNOWN"
"13955-48",1,1,1,"1_1_1","R"
"13955-47",3,2,2,"3_2_2","S"
"13955-46",2,1,1,"2_1_1","UNKNOWN"
"13955-43",1,3,3,"1_3_3","UNKNOWN"
"13955-41",3,2,2,"3_2_2","S"
"13955-40",2,3,3,"2_3_3","UNKNOWN"
"13955-186",3,2,2,"3_2_2","S"
"13955-188",3,1,1,"3_1_1","UNKNOWN"
"13955-187",1,1,1,"1_1_1","R"
"13955-189",3,1,1,"3_1_1","UNKNOWN"
"13955-180",2,2,2,"2_2_2","UNKNOWN"
"13955-181",2,2,2,"2_2_2","UNKNOWN"
"13955-184",2,2,2,"2_2_2","UNKNOWN"
"13955-183",3,2,2,"3_2_2","S"
"13955-79",1,1,1,"1_1_1","R"
"13955-78",2,2,2,"2_2_2","UNKNOWN"
"13955-128",1,1,1,"1_1_1","R"
"13955-127",3,2,2,"3_2_2","S"
"13955-77",2,2,2,"2_2_2","UNKNOWN"
"13955-76",3,2,2,"3_2_2","S"
"13955-75",2,1,1,"2_1_1","UNKNOWN"
"13955-129",3,1,1,"3_1_1","UNKNOWN"
"13955-73",3,2,2,"3_2_2","S"
"13955-72",4,1,1,"4_1_1","UNKNOWN"
"13955-131",3,2,2,"3_2_2","S"
"13955-130",2,2,2,"2_2_2","UNKNOWN"
"13955-132",2,2,2,"2_2_2","UNKNOWN"
"13955-135",3,3,3,"3_3_3","UNKNOWN"
"13955-134",1,1,1,"1_1_1","R"
"13955-137",1,3,3,"1_3_3","UNKNOWN"
"13955-69",3,1,1,"3_1_1","UNKNOWN"
"13955-68",2,2,2,"2_2_2","UNKNOWN"
"13955-67",4,1,1,"4_1_1","UNKNOWN"
"13955-66",3,1,1,"3_1_1","UNKNOWN"
"13955-65",2,2,2,"2_2_2","UNKNOWN"
"13955-119",3,2,2,"3_2_2","S"
"13955-64",3,2,2,"3_2_2","S"
"13955-62",3,2,2,"3_2_2","S"
"13955-61",3,1,1,"3_1_1","UNKNOWN"
"13955-120",3,2,2,"3_2_2","S"
"13955-122",3,2,2,"3_2_2","S"
"13955-121",2,1,1,"2_1_1","UNKNOWN"
"13955-124",3,2,2,"3_2_2","S"
"13955-123",2,1,1,"2_1_1","UNKNOWN"
"13955-126",3,2,2,"3_2_2","S"
"13955-125",4,1,1,"4_1_1","UNKNOWN"
"13955-2",3,3,3,"3_3_3","UNKNOWN"
"13955-99",2,3,3,"2_3_3","UNKNOWN"
"13955-149",2,2,2,"2_2_2","UNKNOWN"
"13955-3",4,1,1,"4_1_1","UNKNOWN"
"13955-98",3,1,1,"3_1_1","UNKNOWN"
"13955-97",3,3,3,"3_3_3","UNKNOWN"
"13955-5",2,2,2,"2_2_2","UNKNOWN"
"13955-96",4,1,1,"4_1_1","UNKNOWN"
"13955-95",3,3,3,"3_3_3","UNKNOWN"
"13955-94",2,2,2,"2_2_2","UNKNOWN"
"13955-93",4,1,1,"4_1_1","UNKNOWN"
"13955-92",1,1,1,"1_1_1","R"
"13955-153",2,1,1,"2_1_1","UNKNOWN"
"13955-91",1,1,1,"1_1_1","R"
"13955-155",3,1,1,"3_1_1","UNKNOWN"
"13955-90",1,1,1,"1_1_1","R"
"13955-154",3,3,1,"3_3_1","UNKNOWN"
"13955-157",3,2,2,"3_2_2","S"
"13955-156",3,2,2,"3_2_2","S"
"13955-158",2,2,2,"2_2_2","UNKNOWN"
"13955-151",3,1,1,"3_1_1","UNKNOWN"
"13955-150",1,1,1,"1_1_1","R"
"13955-139",2,2,2,"2_2_2","UNKNOWN"
"13955-138",2,3,3,"2_3_3","UNKNOWN"
"13955-88",3,1,1,"3_1_1","UNKNOWN"
"13955-87",4,1,1,"4_1_1","UNKNOWN"
"13955-86",3,1,1,"3_1_1","UNKNOWN"
"13955-85",3,2,2,"3_2_2","S"
"13955-84",3,1,1,"3_1_1","UNKNOWN"
"13955-83",3,1,1,"3_1_1","UNKNOWN"
"13955-82",4,3,3,"4_3_3","UNKNOWN"
"13955-81",3,3,3,"3_3_3","UNKNOWN"
"13955-142",1,3,3,"1_3_3","UNKNOWN"
"13955-80",3,2,2,"3_2_2","S"
"13955-141",2,1,1,"2_1_1","UNKNOWN"
"13955-144",3,2,2,"3_2_2","S"
"13955-143",3,3,3,"3_3_3","UNKNOWN"
"13955-6",1,1,1,"1_1_1","R"
"13955-146",3,2,2,"3_2_2","S"
"13955-7",2,3,3,"2_3_3","UNKNOWN"
"13955-148",3,1,1,"3_1_1","UNKNOWN"
"13955-147",2,1,1,"2_1_1","UNKNOWN"
"13955-140",3,1,1,"3_1_1","UNKNOWN"
"13955-204",3,2,2,"3_2_2","S"
"13955-207",3,2,2,"3_2_2","S"
"13955-208",3,2,2,"3_2_2","S"
"13955-201",3,2,2,"3_2_2","S"
"13955-200",4,1,1,"4_1_1","UNKNOWN"
"13955-203",4,1,1,"4_1_1","UNKNOWN"
"13955-202",2,2,2,"2_2_2","UNKNOWN"
"13955-106",1,1,1,"1_1_1","R"
"13955-105",4,1,1,"4_1_1","UNKNOWN"
"13955-108",2,2,2,"2_2_2","UNKNOWN"
"13955-107",2,2,2,"2_2_2","UNKNOWN"
"13955-230",2,2,2,"2_2_2","UNKNOWN"
"13955-111",2,1,1,"2_1_1","UNKNOWN"
"13955-110",2,1,1,"2_1_1","UNKNOWN"
"13955-113",3,3,3,"3_3_3","UNKNOWN"
"13955-112",4,1,1,"4_1_1","UNKNOWN"
"13955-115",2,1,1,"2_1_1","UNKNOWN"
"13955-215",1,1,1,"1_1_1","R"
"13955-219",3,3,3,"3_3_3","UNKNOWN"
"13955-100",2,1,1,"2_1_1","UNKNOWN"
"13955-223",2,2,2,"2_2_2","UNKNOWN"
"13955-102",4,1,1,"4_1_1","UNKNOWN"
"13955-222",4,1,1,"4_1_1","UNKNOWN"
"13955-104",2,2,2,"2_2_2","UNKNOWN"
"13955-103",3,1,1,"3_1_1","UNKNOWN"
"13955-NC13-20076",1,1,1,"1_1_1","R"
"13955-NCAG11",4,3,3,"4_3_3","UNKNOWN"
"13955-AGS-2026",3,3,3,"3_3_3","UNKNOWN"
"13955-JAMESTOWN",2,3,3,"2_3_3","UNKNOWN"
